epoch,loss
1,5.255212626457214
2,4.204823808670044
3,3.827422261238098
4,3.6838202905654907
5,3.5353945112228393
